{"model0": [[0.2614589609675648, 1.345529287391149, 1.7921851681772423, 2.0309646482369956, 2.532987480407479, 3.3827298505071157, 3.6952265665000334, 4.443279686063051, 4.577268136877534, 5.503984536362432, 5.884387616304008, 7.931794979665862, 8.282602925482248, 8.688233821851993, 9.265831460523135, 9.274822081067999, 9.6748871402956, 10.304490835365163, 10.590711776206877, 12.272213954454749, 12.742911306862759, 13.425602780736233, 13.43746190859533, 13.54220537470323, 13.76122816079735, 14.489537994177796, 14.63401702292632, 14.636700413163727, 14.697887217161437, 14.987587502004843, 15.165437569744508, 15.257298458833779, 16.32345241898109, 16.679344925214522, 16.715873540223793, 17.0087810077209, 18.118845132026536, 19.244527634963, 19.300492576217316, 20.404904238474607, 20.509206016983093, 20.509444018364807, 20.88184575541521, 21.06703945336542, 21.392761058452066, 21.626541317873997, 24.60403374831751, 25.56367767600889, 26.17738590859026, 26.46074279309898, 27.895532788734922, 27.93552755818035, 28.007361597995015, 28.31667263564602, 29.004601266857428, 29.521368456969842, 29.602056350949482, 30.073564295023907, 31.661201622356472, 31.995342670994326, 32.3298998234841, 32.41513093992742, 46.8916612638251, 56.42002146029237, 58.16104327053772, 68.54645279463602, 68.74162699852, 68.80126835855151, 69.62703921978151, 72.4147315944149, 74.95621251770727, 77.02722843086708, 77.10442194802006, 77.26027874201455, 78.42664594087506, 79.62982867497954, 79.95208935995441, 81.51445724370313, 81.59721564643112, 82.87831143325255, 83.47151355054643, 83.65817418076732, 83.72638275172152, 86.24558287619378, 87.23875696190834, 87.34193776061304, 88.90679450818577, 89.51844914884506, 91.4318740169685, 93.42826577318101, 96.27083687693508, 97.99963716159684, 100.26942512792776, 100.7509560910001, 101.80787122087155, 102.78658217442725, 103.85754124153333, 107.23603452044148, 110.389735917179, 111.69271652520942, 111.75428661176952, 112.05071812989584, 112.64936092078561, 112.6667508004507, 114.53530239806086, 116.06940945639377, 116.2474924134472, 117.88019844820457, 118.23265940254178]], "model1": [[4.2546024452057125, 4.352208606008595, 5.67994633416088, 6.530258133135569, 8.451301247268518, 9.260406435704633, 16.682471255651528, 17.925215386486276, 21.00004009604564, 21.269721107930255, 21.488976231703017, 21.626303911219967, 24.6396377973148, 24.939922523510116, 25.32658543006526, 27.38545590653334, 29.328274873594424, 31.011687879112927, 33.32994157649926, 34.09890033953833, 39.54825339639306, 43.65610146426286, 45.42551711387284, 48.731980555058826, 50.008210879428056, 50.620333102203205, 50.623227444744344, 50.714397877804444, 51.3299818972156, 52.5834479642486, 53.19180607094006, 53.194983687963976, 53.7065060854262, 54.03978970868828, 54.51248562563804, 54.71242750125503, 54.93710944203933, 55.08683750442374, 55.09966563722861, 55.38449741530883, 55.40488319389744, 55.438527174772226, 55.59321802154769, 55.87640209970417, 56.10992230905103, 57.23341758608461, 57.4849958692089, 58.64380921737279, 58.86965641527749, 59.678353290638135, 59.68745475108384, 59.98069421306677, 60.80470780724893, 61.70064831152797, 62.12088995106515, 62.700832707893035, 64.56832587473185, 64.72141079095448, 64.84496324896618, 65.00846653475189, 65.97286246354815, 66.16374423675904, 66.2415335488478, 67.47507895047244, 68.18205462992742, 68.74517493796884, 69.5285379764201, 70.22709659967406, 70.2995201640161, 70.9224643758455, 71.27917220063222, 71.78763596079932, 72.71904312761787, 72.89833252052799, 72.97827458490217, 73.69698040241506, 73.96572883647113, 74.67948861054978, 78.40635869577665, 78.40661754821842, 79.76741036762898, 80.26130060439883, 81.755784881156, 82.91712179035753, 83.09358598993535, 84.32611252166514, 84.5711797609105, 85.86706327630607, 85.98296489927046, 87.47996140393415, 87.98852651987637, 88.9173734587342, 90.00447231393142, 92.36523352758911, 93.47266530312805, 93.70998605564088, 96.85710826105392, 97.48538705344738, 99.88770826533238, 101.30293973439154, 104.62005011025339, 104.6901705296384, 106.36731167430635, 106.41597881278601, 106.59307749297787, 107.30958018944372, 107.70079650254394, 108.04665493381424, 108.19928663059369, 108.6956939378805, 110.99960233463881, 111.25937337531239, 113.2601696988292, 115.14898060166547, 115.33447985760183, 116.84810782256191, 116.96686499291619, 117.50121388526729, 117.68616019825868, 117.97906327674536, 118.71088043062306, 119.65948631353872]], "model2": [[0.0466096169074115, 0.5280572798267213, 0.6604010537464788, 1.361589405410607, 2.3944795154182685, 4.225631175868713, 5.137824042852659, 5.902345642322981, 6.849840348621044, 8.29711003534262, 9.374461378226654, 9.815997528199006, 11.613057940539964, 12.272447753381705, 15.875805118958167, 16.09449706339304, 16.416300258782073, 16.997745934689977, 18.364209616380293, 19.449276480167583, 19.973492615299936, 21.679960250743523, 24.388124680783953, 25.347412517161246, 27.882839989588916, 28.988294173078536, 29.647398192050474, 30.40413385853772, 31.486745856385927, 33.56831329125846, 34.005806387546436, 37.00494361686236, 37.326948054491474, 39.62050192576804, 40.35508637164529, 40.56246785903221, 40.82631359356985, 41.06520485667379, 42.85404460684865, 44.58162463492593, 45.75209410568043, 46.67633965534782, 46.97315896239006, 47.259518772733784, 48.94374754537155, 68.2088493714242, 69.72570829178323, 74.22621783854376, 85.48621337459377, 92.94304291225663, 97.18279041612027, 97.80937940515389, 107.75501827868999, 107.88473939086852, 113.71594713561407]]}